,player_full_id,projected_bat_speed,projected_age
348,Junior Caminero (691406),77.96048770540175,34.071697467488015
474,Oneil Cruz (665833),76.8301581281812,38.82186858316222
459,Nick Kurtz (701762),76.66269682899694,34.38655030800822
255,Jac Caglianone (695506),76.25669397230271,34.4714236824093
223,Giancarlo Stanton (519317),76.25032247448969,47.725359342915816
601,Vladimir Guerrero Jr. (665489),76.23840394098204,38.375598904859686
547,Spencer Jones (682987),75.84285076463551,36.21269678302533
236,Henry Bolte (703607),75.73411066387655,33.98956194387406
132,Colson Montgomery (695657),75.6992898672418,35.421457905544145
322,Jordan Walker (691023),75.34983964073629,35.19147843942505
365,Konnor Griffin (804606),75.2411570578246,31.268138261464753
346,Julio Rodríguez (677594),75.16746927087524,36.58504449007529
1,Aaron Judge (592450),75.16056305211661,45.261293634496916
98,Cam Smith (701358),75.12743781121522,34.435831622176586
337,Joshua Báez (695491),75.02156733537275,34.09086242299795
310,Johnathan Rodríguez (671286),74.86954852107807,37.737679671457904
277,James Wood (695578),74.84203938419917,34.86841204654346
623,Yordan Alvarez (670541),74.66591158599614,40.092231348391515
512,Ronald Acuña Jr. (660670),74.66449937730756,39.615845311430526
205,Fernando Tatis Jr. (665487),74.52247569860573,38.57546201232032
190,Elly De La Cruz (682829),74.51991028294542,35.55013689253935
510,Roman Anthony (701350),74.41319842229967,33.214750171115675
428,Michael Harris II (671739),74.31408240348901,36.398870636550306
418,Matt Wallner (670242),74.30592563063664,39.63227241615332
9,Agustín Ramírez (682663),74.24862955264092,35.8868925393566
213,Gabriel Rincones Jr. (687282),74.1327006738996,36.40982203969884
534,Samuel Basallo (694212),74.06741046274531,32.96286789869952
622,Yohendrick Piñango (682818),74.05938319984166,35.23254620123203
125,Coby Mayo (691723),74.03399184780702,35.63774811772759
171,Drake Baldwin (686948),73.97992908037351,36.341375770020534
128,Colby Thomas (687515),73.97653629717091,36.508384668035596
5,Addison Barger (680718),73.96375290774905,37.71577686516085
229,Gunnar Henderson (683002),73.8831942605274,36.086755646817245
481,Owen Caissie (683357),73.7732577133782,35.062799452429836
197,Esmerlyn Valdez (699013),73.75131728756448,33.50770020533881
345,Juan Soto (665742),73.73721954272338,38.76437371663244
507,Riley Greene (682985),73.72907849498347,36.83692676249144
626,Zach Cole (805904),73.68995600738403,36.98750855578371
2,Abimelec Ortiz (694673),73.67553979317523,35.43514715947981
524,Ryan Vilade (668723),73.6185840072867,38.44678302532512
284,Jasson Domínguez (691176),73.57462707443399,34.47689938398357
240,Hunter Goodman (696100),73.57185506482804,37.81160164271048
491,Pete Alonso (624413),73.53900159435733,42.64664613278577
551,Sterlin Thompson (694514),73.50977845940699,36.09496919917864
446,Munetaka Murakami (808959),73.45346978570355,37.49127310061601
362,Kevin Alcántara (682634),73.40281303571312,35.05184804928131
57,Bobby Witt Jr. (677951),73.3873362585851,37.12713894592745
538,Sean Keys (815873),73.37927572358231,34.181211498973305
408,Marcelo Mayer (691785),73.36725527809759,34.6329568788501
545,Shohei Ohtani (660271),73.34097783297928,43.07101300479123
106,Carter Jensen (695600),73.32881761992839,34.077173169062284
257,Jackson Chourio (694192),73.32094190546374,33.38723477070499
301,Jo Adell (666176),73.31238473698043,38.312628336755644
163,Denzel Clarke (672016),73.2996552937422,37.247604380561256
266,Jake Burger (669394),73.28505527146889,41.30509924709103
502,Rece Hinds (677956),73.28172517317593,36.89989733059548
42,Austin Riley (663586),73.27715343801206,40.327686516084874
494,Rafael Devers (646240),73.27346393313752,40.765742642026005
589,Tyler Soderstrom (691016),73.25392339381328,35.681553730321696
123,Christopher Morel (666624),73.23047969469691,38.101813826146476
627,Zach Dezenzo (701305),73.20784064830353,37.220225872689944
206,Francisco Alvarez (682626),73.17201183781431,35.695242984257355
242,Héctor Rodríguez (699302),73.16427629199184,33.38723477070499
210,Gabriel Arias (672356),73.14336128366544,37.422826830937716
86,Bryce Eldridge (805811),73.11481228426017,32.77669404517454
328,Jose Fernandez (699912),73.06750085415324,33.855407255304584
295,Jesús Sánchez (660821),73.03325622994097,39.81297056810404
513,Ronny Mauricio (677595),72.9675711548539,36.32221081451061
303,Joe Mack (691788),72.93883977467867,34.59188911704312
215,Garrett Mitchell (669003),72.90197831788167,38.90400410677618
615,Wilyer Abreu (677800),72.89513240023318,38.101813826146476
594,Victor Bericoto (682674),72.84961429797836,35.65691307323751
164,Denzer Guzman (694203),72.83663483353449,33.474845995893226
201,Everson Pereira (677592),72.82234445265745,36.30578370978782
297,Jhostynxon Garcia (691373),72.815209558805,34.63569472963724
424,Max Muncy (691777),72.80523086396803,34.931382614647504
72,Brett Baty (683146),72.75204102795198,37.71303901437371
238,Heriberto Hernández (681715),72.73602955452762,37.62268993839836
379,Lawrence Butler (671732),72.70731786043052,37.05595482546201
235,Heliot Ramos (671218),72.63146589513751,37.89647501711156
179,Dylan Crews (686611),72.61016860220712,35.42419575633128
135,Colton Cowser (681297),72.59985645982611,37.36259411362081
371,Kyle Schwarber (656941),72.58075662970008,44.404346338124576
204,Felix Reyes (694025),72.55293204787206,36.346851471594796
596,Victor Mesa Jr. (683748),72.5132632437805,35.89236824093087
105,Carson Williams (700246),72.50802440407612,34.09907597535934
440,Mike Trout (545361),72.49477178546914,45.98134839151266
616,Wyatt Langford (694671),72.48234771120973,35.70619438740588
612,William Contreras (661388),72.46388610801795,39.59941820670773
141,Corbin Carroll (682998),72.45389160393968,36.94096509240246
249,Iván Herrera (671056),72.43842635847422,37.162731006160165
191,Eloy Jiménez (650391),72.40141742356896,40.67265571526352
516,Royce Lewis (668904),72.38437621733941,38.153832991101986
396,Luis Robert Jr. (673357),72.38049904044645,39.99093086926762
326,Jorge Soler (624585),72.36990359747169,45.428302532511985
349,Junior Perez (678577),72.35846952859248,36.07306639288159
564,Tim Tawa (694374),72.34723490511091,38.31536618754277
60,Brady House (691781),72.31401031715569,34.15657084188911
415,Matt Olson (621566),72.22970688106531,43.33932238193018
468,Noelvi Marte (682622),72.20989916587264,35.78832991101985
129,Cole Carrigg (694249),72.20922456961429,35.2298083504449
217,Gary Sánchez (596142),72.18608625191305,44.65896646132786
444,Moisés Ballesteros (694208),72.18423045641565,33.72672826830938
372,Kyle Stowers (669065),72.16281652509348,39.57477754962355
472,Oliver Dunn (686554),72.14975667765295,39.90879534565366
406,Manny Machado (592518),72.08058152496403,45.06690622861055
133,Colt Emerson (806068),72.07818923186558,32.02926078028747
544,Shea Langeliers (669127),72.0307409443407,39.69798083504449
119,Christian Moore (695681),71.98498699429992,34.77532511978097
492,Pete Crow-Armstrong (691718),71.98337046287088,35.35027378507871
283,Jase Bowen (687749),71.9814066322631,36.90811088295688
421,Max Clark (703601),71.97777003029702,32.60694729637235
30,Andrés Chaparro (665953),71.97283535287667,38.24144421629021
116,Christian Encarnacion-Strand (687952),71.93233537152786,37.66375770020534
515,Rowdy Tellez (642133),71.92700604797012,42.375598904859686
309,John Rave (670231),71.91403835848193,39.58299110198494
79,Brice Matthews (694728),71.89863788862495,35.3749144421629
495,Rafael Flores Jr. (804668),71.89240261849288,36.72741273100616
237,Henry Davis (680779),71.8922090185542,37.85814510609172
55,Bo Bichette (666182),71.88646465906494,39.40503080082136
291,Jerar Encarnacion (666464),71.88217161605036,39.77190280629706
259,Jackson Merrill (701538),71.86414133175471,34.2825119780972
185,Eduardo Valencia (680664),71.82308183327753,37.51317590691307
228,Griffin Conine (665052),71.82269913119073,40.05390143737166
33,Andy Pages (681624),71.82071218202861,36.64253935660506
87,Bryce Harper (547180),71.81938541828369,44.78764544832307
145,Curtis Mead (678554),71.79783783237616,36.76026694045174
410,Mark Vientos (668901),71.79567854779313,37.63637919233401
320,Jordan Beck (687597),71.76289369396325,36.281143052703634
413,Matt Chapman (656305),71.76172483628191,44.256502395619435
54,Blaze Jordan (691458),71.74951859045174,34.61379192334018
354,Kahlil Watson (696135),71.73100986315451,34.29072553045859
521,Ryan Mountcastle (663624),71.72309950773817,40.445414099931554
403,Luken Baker (663609),71.68737123525284,40.39065708418891
470,Nolan Gorman (669357),71.67250274564725,37.22296372347707
549,Spencer Torkelson (679529),71.65136439249687,37.92932922655715
122,Christian Yelich (592885),71.62279088156751,45.652806297056806
148,Dalton Rushing (687221),71.60364654308366,36.43720054757015
613,Willson Contreras (575929),71.59878537469278,45.214750171115675
528,Sal Stewart (701398),71.57640157822907,33.64733059548254
353,Kaelen Culpepper (701785),71.5663225071461,34.586413415468854
511,Romy Gonzalez (663853),71.52710042222522,40.89715947980835
44,Austin Wells (669224),71.52544386867308,38.05253251197809
433,Michael Toglia (669911),71.50240469624156,38.95602327173169
99,Carlos Correa (621043),71.44083879224203,42.85472279260781
47,Ben Rice (700250),71.39476048797042,38.435831622176586
226,Grant McCray (687529),71.36399687593054,36.64527720739219
95,Cal Raleigh (663728),71.35387357221047,40.67539356605065
574,Trevor Larnach (663616),71.34718632609992,40.4235112936345
562,Teoscar Hernández (606192),71.32209295400783,44.7903832991102
177,Dylan Beavers (687637),71.31852516933431,35.96902806297057
490,Pedro Ramírez (699393),71.29158810156956,33.32973990417522
465,Nick Yorke (694377),71.28726799304827,35.328370978781656
65,Brandon Valenzuela (678218),71.28192735370295,36.82597535934291
202,Ezequiel Duran (677649),71.2791570124091,38.19216290212183
117,Christian Franklin (681047),71.27827568658888,37.66649555099247
619,Yainer Diaz (673237),71.26799257496428,38.85746064339494
292,Jeremiah Jackson (669236),71.26437774375955,37.346167008898014
245,Isaac Collins (686555),71.23817221585905,40.02378507871321
378,Lars Nootbaar (663457),71.22778090018703,39.89236824093087
620,Yandy Díaz (650490),71.21964300697111,45.978610540725526
355,Kameron Misner (670224),71.2147506049393,39.55561259411362
453,Nathaniel Lowe (663993),71.2072472816004,42.06622176591376
588,Tyler O'Neill (641933),71.18454130003435,42.107289527720745
479,Otto Kemp (805249),71.17832056783136,37.8909993155373
525,Ryan Waldschmidt (814439),71.17586479603115,34.813655030800824
69,Brent Rooker (667670),71.16047532030503,42.74520876112252
8,Adrian Del Castillo (680728),71.15186334479809,37.841718001368925
113,Charles McAdoo (807727),71.1393920507982,35.40229295003422
168,Dominic Canzone (686527),71.1328604797253,39.955338809034906
402,Luke Raley (670042),71.12082587057316,42.8629363449692
404,MJ Melendez (669004),71.09508106034785,38.66854893908282
477,Oswald Peraza (672724),71.09418346368554,37.124401095140314
195,Eric Wagaman (676572),71.08398597739492,39.96081451060917
254,JJ Wetherholt (802139),71.0786569755244,34.88757700205338
393,Luis Lara (800325),71.06595194560664,32.70003422313484
343,José Tena (677588),71.0623888938993,36.36327857631759
454,Nelson Velázquez (676369),71.05301527170253,38.59462696783026
389,Lucas Spence (828599),71.0424655765871,34.50701574264203
630,Zack Gelof (680869),71.04129486391172,37.78148528405202
587,Tyler Locklear (682988),71.0374472489669,36.68086926762492
53,Blaze Alexander (677942),71.01537174776202,38.13740588637919
305,Joey Loperfido (694388),71.0041355955469,38.22227926078029
307,Joey Ortiz (687401),70.99280522275758,39.046372347707056
357,Ke'Bryan Hayes (663647),70.98952766863773,40.50290896646133
334,Josh Naylor (647304),70.98261324579403,40.10592060232717
558,Tanner Murray (695020),70.97577112381019,37.907426420260094
407,Marcell Ozuna (542303),70.97551412063588,46.71509240246407
26,Andrew Pinckney (687605),70.9639530293852,36.64527720739219
539,Sean Murphy (669221),70.9443941937369,42.82186858316222
302,Joc Pederson (592626),70.89922320527026,45.27498288843258
518,Ryan Jeffers (680777),70.87768986074309,40.15793976728268
27,Andrew Vaughn (683734),70.87665988586977,39.32563312799453
166,Deyvison De Los Santos (691277),70.86706645984391,34.11002737850787
282,Jarren Duran (680776),70.86577639568073,40.89989733059548
287,Jazz Chisholm Jr. (665862),70.85786185048148,39.492642026009584
489,Pedro Pagés (686780),70.82793945077908,38.86841204654346
221,George Valera (671655),70.7869611213922,36.71098562628337
281,Jarred Kelenic (672284),70.76490137692277,38.04158110882957
101,Carlos Narváez (665966),70.75625490599055,38.676762491444215
567,Tommy Troy (694371),70.73933250160722,35.53370978781657
73,Brett Callahan (814430),70.71516353975551,35.74178644763861
300,Jimmy Crooks (699625),70.70248597374355,36.03199863107461
50,Billy Cook (695257),70.69334635222152,38.56177275838467
399,Luisangel Acuña (682668),70.67785033635344,35.38586584531143
577,Tristan Gray (656484),70.67581158989374,41.35711841204654
435,Mickey Moniak (666160),70.66494159515204,39.21611909650924
356,Kazuma Okamoto (672960),70.65677006989654,41.083333333333336
363,Kevin McGonigle (805808),70.62798358677016,32.94917864476386
92,Byron Buxton (621439),70.62568653286671,43.615845311430526
130,Cole Young (702284),70.6236049601456,34.00598904859685
629,Zach Neto (687263),70.61691309533018,36.49469541409993
264,Jair Camargo (665856),70.56619863734862,38.08264887063655
181,Eddys Leonard (678760),70.52701375405908,36.719199178644764
203,Ezequiel Tovar (678662),70.52648747136983,35.99640657084189
486,Patrick Wisdom (621550),70.52129648821291,45.926591375770016
304,Joey Bart (663698),70.5165066396039,40.62337440109514
256,Jace Jung (690291),70.4847601980872,36.82049965776866
219,George Lombard Jr. (806146),70.47478436998921,32.16067761806982
520,Ryan McMahon (641857),70.45822345827422,42.62748117727583
499,Randal Grichuk (545341),70.44808960607945,45.96492128678987
15,Alek Thomas (677950),70.44628480672239,37.25581793292266
385,Logan O'Hoppe (681351),70.4438820841177,37.47210814510609
500,Randy Arozarena (668227),70.44298545455598,42.419404517453806
476,Osleivis Basabe (678545),70.42644335666353,36.87799452429842
114,Chase DeLauter (800050),70.41865915013142,35.8102327173169
331,Josh Bell (605137),70.41090459636014,44.96013004791239
280,Jared Young (676724),70.41050806755192,42.06074606433949
405,Maikel Garcia (672580),70.40451877308085,37.40913757700205
14,Alejandro Osuna (696030),70.36900466572054,34.80544147843943
275,James Outman (681546),70.3633867248094,40.21269678302533
76,Brewer Hicklen (676551),70.36292291890594,41.47210814510609
258,Jackson Holliday (702616),70.36043118701257,33.65554414784395
514,Ronny Simon (682927),70.35038118615248,37.28593429158111
541,Seiya Suzuki (673548),70.34899701055186,42.950547570157426
134,Colt Keith (690993),70.341192981277,35.96081451060917
383,Leody Taveras (665750),70.33335818996542,38.89305270362765
392,Luis García Jr. (671277),70.31407405766659,37.20653661875428
107,Casey Schmitt (669477),70.30459242110753,38.416666666666664
314,Jonatan Clase (682729),70.29547982208688,35.18874058863792
93,CJ Abrams (682928),70.29474088120094,36.823237508555785
143,Corey Seager (608369),70.29423567747692,43.25992470910336
600,Vinnie Pasquantino (686469),70.28907948219393,39.804757015742645
388,LuJames Groover (694410),70.27081362818015,35.29004106776181
625,Zac Veen (691728),70.27003656510848,35.63227241615332
610,Will Wilson (669717),70.2627426856321,39.02720739219712
308,Joey Wiemer (686894),70.26258418073117,38.46594798083505
66,Braxton Fulford (690924),70.25558753262538,38.6411704312115
417,Matt Vierling (663837),70.25286877263385,40.869780971937026
333,Josh Lowe (666139),70.23643562366532,39.48990417522245
604,Weston Wilson (642215),70.22855626296452,42.884839151266256
131,Collin Price (805672),70.21709751447412,37.70756331279946
7,Adolis García (666969),70.2066438314308,44.412559890485966
485,Patrick Bailey (672275),70.20417649213037,38.17299794661191
532,Sam Huff (669087),70.2012340787661,39.54192334017796
12,Alec Burleson (676475),70.19837708591272,38.67950034223134
167,Dillon Dingler (693307),70.19637591073575,38.86841204654346
436,Miguel Amaya (665804),70.19325650097502,38.39476386036961
380,Lenyn Sosa (672820),70.1915635368538,37.51317590691307
576,Trey Mancini (641820),70.18489267968233,45.36806981519507
243,Ian Happ (664023),70.18187588521,42.96697467488022
11,Alec Bohm (664761),70.16534579623983,40.99024640657084
13,Alejandro Kirk (672386),70.16273236542024,38.73151950718685
231,Hao-Yu Lee (701678),70.1513529166246,34.487850787132096
285,Javier Báez (595879),70.1459201938361,44.661704312114985
121,Christian Walker (572233),70.14353522099013,46.3427446954141
329,Jose Siri (642350),70.1433495263477,42.025154004106774
103,Carson Benge (701807),70.13187428851052,34.526180698151954
509,Rodolfo Durán (660710),70.13084762028107,39.4433607118412
192,Endy Rodríguez (682848),70.12043787635162,37.17915811088296
624,Yoán Moncada (660162),70.11766585266679,42.17847364818618
293,Jeremy Peña (665161),70.09446182354793,39.85403832991102
62,Brandon Lowe (664040),70.08992762810583,43.068275154004105
394,Luis Matos (682641),70.08391365139435,35.50359342915811
234,Hayden Senger (663584),70.06257649597482,40.32494866529774
575,Trevor Story (596115),70.05301961136088,44.7055099247091
200,Evan Carter (694497),70.0470184459902,34.92043121149897
263,Jahmai Jones (663330),70.04403850243217,39.988193018480494
84,Bryan Reynolds (668804),70.04219520359248,42.50701574264203
94,CJ Kayfus (692216),70.0295705984424,35.75547570157426
56,Bo Naylor (666310),70.00074284178461,37.4392539356605
332,Josh Jung (673962),69.9997461966801,39.46252566735112
606,Will Benson (666181),69.9894727351009,39.12303216974675
422,Max Kepler (596146),69.97400971488055,44.46731690622861
156,Daulton Varsho (662139),69.9526109160498,41.077857631759066
63,Brandon Marsh (669016),69.9430778279338,39.615845311430526
70,Brenton Doyle (686668),69.91791756953221,39.213381245722104
0,A.J. Ewing (805999),69.91246469647028,32.97108145106092
184,Edouard Julien (666397),69.90620264012718,38.25239561943874
34,Angel Genao (694197),69.87484456070851,33.19832306639288
37,Anthony Volpe (683011),69.85750191659879,36.256502395619435
260,Jacob Gonzalez (694378),69.85280491420231,35.169575633128
542,Shawn Ross (676566),69.8274082318773,37.83350444900753
317,Jonathan Ornelas (680716),69.82296632817035,37.17915811088296
543,Shay Whitcomb (694376),69.8220441525461,38.838295687885015
138,Connor Wong (657136),69.82180297625897,41.19832306639288
414,Matt McLain (680574),69.81177712815526,37.98408624229979
3,Adael Amador (691182),69.80846414798539,34.30441478439425
480,Otto Lopez (672640),69.80846329282501,38.83008213552361
51,Blake Dunn (694362),69.80063579856817,38.90126625598905
361,Ketel Marte (606466),69.79226787888204,43.799281314168375
212,Gabriel Moreno (672515),69.78346474836641,37.45841889117043
412,Masyn Winn (691026),69.76779893156082,35.361225188227245
374,Kyle Tucker (663656),69.74940075072296,40.53302532511978
321,Jordan Lawlar (691783),69.73468639107249,35.03815879534565
61,Brandon Lockridge (663604),69.72964057130824,40.379705681040384
381,Leo Jiménez (677870),69.72893252792427,36.204483230663925
211,Gabriel Gonzalez (694224),69.713609624365,33.57067077344285
220,George Springer (543807),69.7015395383785,47.86225188227241
375,Kyler Fedko (693459),69.65726966207349,37.85814510609172
83,Bryan De La Cruz (650559),69.65703496358401,40.62063655030801
559,Taylor Trammell (666211),69.63577652774687,39.878678986995205
161,Daylen Lile (695734),69.63362638550211,34.66581108829569
18,Alex Freeland (690976),69.61040842384386,35.93343600273786
214,Gage Workman (669398),69.58882375401879,37.76779603011636
173,Drew Gilbert (687551),69.55185303819232,36.83966461327858
273,Jakob Marsee (805300),69.55096381426152,36.08949349760439
370,Kyle Manzardo (700932),69.54989363946666,37.03405201916495
555,Sung-Mun Song (823550),69.53688887456379,40.91906228610541
585,Tyler Freeman (671289),69.52734883533957,38.19490075290897
563,Thomas Saggese (695336),69.52379146445877,35.30646817248459
140,Cooper Pratt (806198),69.52137949640155,32.94917864476386
318,Jonny DeLuca (676356),69.50996812861092,39.05732375085558
359,Kenny Piper (700652),69.49738485860604,39.05184804928131
299,Jim Jarvis (805347),69.49264695543089,36.73015058179329
160,Davis Wendzel (673995),69.48260481602041,40.18805612594114
218,Gavin Sheets (657757),69.45839966437663,41.26950718685831
144,Cristian Pache (665506),69.43768581166013,38.69592744695414
595,Victor Caratini (605170),69.43639741690184,43.95260095824778
529,Salvador Perez (521692),69.43326020557045,47.22433264887064
571,Trea Turner (607208),69.43259140147916,44.08401779603011
526,Ryan Ward (669899),69.42318673216879,39.43240930869268
427,Michael Conforto (624424),69.41893531645586,44.4152977412731
360,Kerry Carpenter (681481),69.40779690665424,39.90879534565366
316,Jonathan India (663697),69.38552044536439,40.62337440109514
352,Justin Foscue (679822),69.37473249627655,38.41392881587954
439,Miguel Vargas (678246),69.37439069094263,37.70208761122519
548,Spencer Steer (668715),69.3560326776423,39.64596167008898
35,Angel Martínez (682657),69.34489820718362,35.50633127994524
497,Ramón Laureano (657656),69.33696487936454,43.043634496919914
162,Daz Cameron (663662),69.31261386609566,40.53850102669404
265,Jake Bauers (641343),69.3124647200637,41.81707734428473
617,Xander Bogaerts (593428),69.30384785662895,44.82871321013005
207,Francisco Lindor (596019),69.28615773021659,43.70893223819302
603,Wenceel Pérez (672761),69.27156327590288,37.751368925393564
501,Raynel Delgado (669384),69.23926326391283,37.32152635181382
458,Nick Gonzales (693304),69.23505056408034,38.17847364818618
110,Chad Stevens (677060),69.2330367161939,38.487850787132096
225,Graham Pauley (688363),69.22106250566831,36.84787816563997
517,Ryan Bliss (669208),69.21400940985998,37.630903490759756
614,Willy Adames (642715),69.21344182521374,41.91016427104723
248,Ivan Johnson (671155),69.21084390372023,38.8027036276523
194,Eric Haase (606992),69.20983966220929,44.61516084873375
473,Omar Martinez (683079),69.20505443262087,36.07032854209445
504,Rhys Hoskins (656555),69.1984135040423,44.371492128678995
97,Cam Cauley (695508),69.1976063313302,34.479637234770706
315,Jonathan Aranda (666018),69.18355199794131,39.18874058863792
583,Tyler Black (672012),69.17578990480537,37.012149212867904
484,Parker Meadows (678009),69.15563569580594,37.743155373032174
224,Gleyber Torres (650402),69.14654993821468,40.62885010266941
369,Kyle Karros (691720),69.13626794385804,35.01351813826147
227,Greg Jones (675659),69.11771989663511,39.39955509924709
584,Tyler Callihan (682997),69.11617579554034,37.10523613963039
108,Ceddanne Rafaela (678882),69.11479781174347,36.86430527036276
39,Austin Hays (669720),69.11057466074553,42.071697467488015
391,Luis Campusano (669134),69.11002945746252,38.83555783709787
159,Davis Schneider (676914),69.10746581872581,38.50975359342916
279,Jared Triolo (669707),69.0980620777244,39.473477070499655
553,Steward Berroa (672642),69.09652560293732,38.153832991101986
430,Michael Massey (686681),69.06953543808416,39.3584873374401
6,Adley Rutschman (668939),69.06135086420434,39.47895277207392
368,Kyle Isbel (664728),69.05346753451157,40.40982203969884
126,Cody Bellinger (641355),69.05210349082606,42.049794661190965
10,Alan Roden (702176),69.04637386817713,37.606262833675565
566,Tommy Pham (502054),69.0376935265769,49.3954483230664
324,Jorge Mateo (622761),69.03273784480497,42.1045516769336
573,Trent Grisham (663757),69.02839314748478,40.74383983572895
530,Sam Antonacci (803011),69.02147542964525,34.479637234770706
572,Trei Cruz (669360),69.01959679751776,39.07101300479124
488,Pavin Smith (656976),69.01865360425303,41.48032169746748
58,Braden Montgomery (695731),69.00475520439575,34.29072553045859
377,Lane Thomas (657041),68.993804816934,41.93754277891855
493,Petey Halpin (690984),68.9928950100711,35.18052703627652
253,JJ Bleday (668709),68.96086833183728,39.719883641341546
373,Kyle Teel (691019),68.95374975673447,35.45431211498973
151,Daniel Schneemann (682177),68.92473402999813,40.516598220396986
19,Alex Jackson (656577),68.91950423843312,41.59804928131417
522,Ryan O'Hearn (656811),68.91892364660059,44.01283367556468
64,Brandon Nimmo (607043),68.91267612638318,44.34411362080766
74,Brett Harris (695391),68.90147304786984,39.101129363449694
137,Connor Norby (681393),68.88411190078419,37.143566050650236
611,Willi Castro (650489),68.87093601723778,40.26745379876797
434,Mickey Gasper (681508),68.86533419721646,41.803388090349074
252,J.T. Realmuto (592663),68.85708376863654,46.370123203285424
100,Carlos Cortes (666126),68.85358538443114,40.08401779603012
457,Nick Fortes (663743),68.83848598679059,40.71646132785764
278,Jared Oliva (666931),68.80239122818391,41.67470910335387
462,Nick Morabito (703492),68.7961478730817,34.233230663928815
288,Jeferson Quero (691620),68.78819499863984,34.81091718001369
82,Brooks Lee (686797),68.77638881191615,36.456365503080086
605,Will Banfield (677943),68.77007278206486,37.699349760438054
582,Ty France (664034),68.75970622648104,43.04911019849418
46,Ben Malgeri (701162),68.75624584607611,37.548767967145785
387,Lourdes Gurriel Jr. (666971),68.75381397180429,43.80475701574264
149,Dane Myers (667472),68.7505262651051,41.3954483230664
569,Travis Bazzana (683953),68.73139308411331,34.9231690622861
593,Vaughn Grissom (687093),68.72756719514719,36.56587953456537
239,Hunter Feduccia (676439),68.72240712739291,40.152464065708415
411,Masataka Yoshida (807799),68.70655885396216,44.04295003422313
443,Mitch Garver (641598),68.68391792747055,46.53986995208761
146,César Prieto (693409),68.67563417452838,38.22501711156742
183,Edmundo Sosa (624641),68.66645670694908,41.40092402464066
290,Jeimer Candelario (600869),68.66437808073054,43.681553730321696
188,Elias Díaz (553869),68.6632638709141,46.70140314852841
437,Miguel Andujar (609280),68.64537022311589,42.41392881587954
306,Joey Meneses (608841),68.64324516993737,45.2339151266256
67,Brayan Rocchio (677587),68.62828515468017,36.54397672826831
250,J.C. Escarra (641555),68.60316802009172,42.26882272416153
568,Tommy White (695720),68.58428242808831,34.41392881587954
319,Jorbit Vivas (678391),68.58166422066536,36.393394934976044
22,Amed Rosario (642708),68.57684516703291,41.69387405886379
294,Jesus Rodriguez (683679),68.57137081438955,35.27087611225188
175,Drew Romo (691011),68.54238495021599,35.91974674880219
487,Paul Goldschmidt (502671),68.48893398460206,49.888261464750165
416,Matt Shaw (807713),68.48728949105717,35.73083504449008
350,Justin Crawford (702222),68.47562013252175,33.54603011635866
172,Drew Cavanaugh (701852),68.46789820153874,35.50633127994524
498,Ramón Urías (602104),68.46616058413775,43.158624229979466
81,Brock Rodden (801126),68.44207912277567,37.18189596167009
578,Tristan Peters (671976),68.4232885567741,37.417351129363446
423,Max Muncy (571970),68.40974804553872,46.9313826146475
561,Taylor Ward (621493),68.39705917992839,43.62679671457905
451,Nathan Church (701675),68.39403350093322,37.05047912388775
276,James Triantos (701649),68.39178795714082,34.50154004106776
608,Will Smith (669257),68.36798315873362,42.3427446954141
364,Kody Clemens (665019),68.36659421019417,41.20927446954141
579,Troy Johnston (687859),68.36600990920876,40.10592060232717
199,Eugenio Suárez (553993),68.36126408816611,46.0361054072553
154,Dansby Swanson (621020),68.35907387787626,43.465263518138265
142,Corey Julks (667452),68.35874487860787,41.422826830937716
232,Harrison Bader (664056),68.35564391264835,43.158624229979466
233,Harry Ford (695670),68.3419431750162,34.43856947296373
296,Jhonny Pereda (640902),68.33671406143647,41.28319644079398
312,Jonah Cox (813841),68.33345435515825,35.988193018480494
519,Ryan Kreidler (668952),68.33128911339375,39.714407939767284
186,Edwin Arroyo (695490),68.31678673565405,33.93206707734428
77,Brian Navarreto (640459),68.31477503665027,42.586413415468854
49,Ben Williamson (810938),68.30051395687397,36.73288843258042
456,Nick Castellanos (592206),68.2922095878666,45.40639972621492
118,Christian Koss (683766),68.28168864498312,39.50633127994524
298,Jihwan Bae (678225),68.2781263087612,38.01420260095825
376,LaMonte Wade Jr. (664774),68.27385627663065,43.577515400410675
426,Michael Busch (683737),68.27173709574244,39.722621492128674
31,Andrés Giménez (665926),68.25416153383377,38.90400410677618
445,Mookie Betts (605141),68.25243644858973,44.81228610540725
150,Daniel Johnson (669288),68.24173377146191,42.055270362765235
523,Ryan Ritter (690022),68.21121523132051,36.719199178644764
397,Luis Torrens (620443),68.20387813791854,41.24486652977413
21,Alika Williams (675961),68.20094226395103,38.38655030800822
157,David Fry (681807),68.14781281049734,41.69387405886379
478,Oswaldo Cabrera (665828),68.14338339943527,38.416666666666664
598,Victor Scott II (687363),68.14326059378492,36.46184120465435
139,Cooper Ingle (694876),68.13399636386069,35.43240930869268
89,Bryce Teodosio (669326),68.10695937310105,38.11824093086927
313,Jonah Heim (641680),68.06274200356226,42.09360027378508
590,Tyler Stephenson (663886),68.05872725675516,40.954654346338124
621,Yohel Pozo (650968),68.0487911348291,40.12782340862423
43,Austin Slater (596103),68.04656050118234,44.62885010266941
464,Nick Solak (669256),68.03210150333688,42.55082135523614
153,Danny Jansen (643376),68.0268536556873,42.29346338124572
189,Eliezer Alfonzo (672613),68.01648852435379,37.85266940451746
395,Luis Rengifo (650859),67.98469362875285,40.4235112936345
338,Joshua Kuroda-Grauer (811965),67.97154308048839,34.4960643394935
592,Tyrone Taylor (621438),67.96048156718149,43.5200205338809
400,Luke Keaschall (807712),67.94491745133844,34.958761122518816
342,José Ramírez (608070),67.94156537837623,44.8670431211499
344,Juan Brito (682877),67.93398237550149,35.84856262833676
386,Logan Porter (682515),67.93175461694247,42.05253251197809
286,Javier Sanoja (691594),67.93072220101622,34.906741957563305
429,Michael Helman (680737),67.9284360775024,41.187371663244356
136,Connor Joe (656582),67.92162411168694,44.954654346338124
323,Jorge Barrosa (678489),67.89275830252147,36.44815195071868
482,Ozzie Albies (645277),67.86501384786139,40.560403832991106
152,Daniel Susac (691740),67.8147530473357,36.21269678302533
208,Freddie Freeman (518692),67.81059677435562,47.881416837782346
609,Will Wagner (695238),67.80373651945577,39.00530458590007
460,Nick Loftin (679845),67.78351567659358,38.846509240246405
80,Brice Turang (668930),67.76968803913827,37.691136208076664
178,Dylan Carlson (666185),67.7669211722919,38.76984941820671
591,Tyler Tolbert (686475),67.76518774841298,39.50633127994524
155,Darell Hernaiz (687231),67.75534948826582,35.99093086926762
71,Brett Bateman (703520),67.73707560593574,35.36670088980151
109,Cedric Mullins (656775),67.73520699215399,42.83008213552361
180,Dylan Moore (664238),67.73021909211442,44.99298425735798
193,Enrique Hernández (571771),67.73016871766178,45.93480492813142
271,Jake Meyers (676694),67.72385577893559,41.116187542778924
246,Isaac Paredes (670623),67.72174579496215,38.44678302532512
169,Dominic Smith (642086),67.70834338403523,42.12645448323067
165,Derek Hill (656537),67.69755004717776,41.5843600273785
24,Andrew Knizner (668800),67.65991288444583,42.487850787132096
398,Luis Urías (649966),67.65540423340147,40.15793976728268
565,Tommy Edman (669242),67.64660273970085,42.227754962354545
96,Caleb Durbin (702332),67.62427281045639,37.436516084873375
68,Brendan Donovan (680977),67.61566720590274,40.535763175906915
158,David Hamilton (666152),67.6067581474426,39.83487337440109
557,TJ Rumfield (681198),67.60233057647439,37.20379876796715
267,Jake Cronenworth (630105),67.59688206889815,43.52275838466803
59,Braden Shewmake (669699),67.56241393427091,39.695242984257355
469,Nolan Arenado (571448),67.53505298661727,46.29072553045859
602,Wade Meckler (685133),67.52062271904246,37.27498288843258
554,Stuart Fairchild (656413),67.51984378482094,41.370807665982205
508,Rob Refsnyder (608701),67.49587636802507,46.34822039698836
251,J.P. Crawford (641487),67.4837208147649,42.55082135523614
597,Victor Robles (645302),67.44884438062037,40.19900752908966
441,Mike Yastrzemski (573262),67.44722494657422,46.936858316221766
272,Jake Rogers (668670),67.44711762929144,42.285249828884325
209,Freddy Fermin (666023),67.44414737780149,42.208590006844624
48,Ben Rortvedt (666163),67.43522927045925,39.845824777549616
449,Nate Eaton (681987),67.42746682861299,40.60420944558521
230,Ha-Seong Kim (673490),67.4080168867449,41.78696098562628
90,Bryson Stott (681082),67.40658157840952,39.81570841889117
102,Carlos Santana (467793),67.39631211084328,51.31194387405886
448,Nasim Nuñez (683083),67.3902025201741,36.94917864476386
182,Edgar Quero (700337),67.38028833086052,34.31810403832991
262,Jacob Young (696285),67.37733618565153,38.011464750171115
570,Travis d'Arnaud (518595),67.37614372538353,48.46731690622861
336,Josh Smith (669701),67.3598287765823,39.9799794661191
367,Kyle Higashioka (543309),67.32513963501164,47.279089664613274
450,Nate Furman (801501),67.30310600629542,36.02104722792608
550,Starling Marte (516782),67.27932271984292,48.80681040383299
546,Spencer Horwitz (687462),67.25388745940471,39.70893223819302
475,Orlando Arcia (606115),67.24025948251807,42.988877481177276
431,Michael Siani (672279),67.2153776616015,38.04158110882957
268,Jake Fraley (641584),67.21303342646131,42.18394934976044
104,Carson Kelly (608348),67.20356566653358,43.046372347707056
20,Ali Sánchez (645305),67.18548880082959,40.52481177275839
537,Scott Kingery (664068),67.15379826703821,43.2544490075291
41,Austin Martin (668885),67.13209936050536,38.35643394934976
16,Alex Bregman (608324),67.11907212458495,43.33658453114305
325,Jorge Polanco (593871),67.11708727156406,44.07032854209445
607,Will Brennan (686823),67.10908372574424,39.48990417522245
274,James McCann (543510),67.10229635494967,47.13124572210814
52,Blake Perkins (663368),67.0711954579679,40.88620807665982
187,Eli White (642201),67.02894409817158,43.095653661875424
32,Andy Ibáñez (628451),67.0079379827858,44.32494866529774
358,Keibert Ruiz (660688),67.00735786884313,39.02994524298426
347,Jung Hoo Lee (808982),66.95949335519678,38.94507186858316
23,Andrew Benintendi (643217),66.93455231534422,43.068275154004105
91,Buddy Kennedy (671083),66.92158345017069,38.81913073237508
330,Jose Trevino (624431),66.89987348016294,44.66991786447638
111,Chadwick Tromp (644433),66.85668597973904,42.36190965092403
425,Max Schuemann (680474),66.85648329968794,40.13603696098563
540,Sebastián Rivero (665861),66.84733334629256,38.704140999315534
467,Nico Hoerner (663538),66.83590060466034,40.21543463381246
40,Austin Hedges (595978),66.80317483286848,44.949178644763855
29,Andruw Monasterio (655316),66.74117988470448,40.16889117043121
127,Cody Freeman (683227),66.71625363583057,36.56587953456537
339,José Azócar (640492),66.69732722010725,41.220225872689944
28,Andrew Velazquez (623205),66.69269149981754,43.046372347707056
384,Liam Hicks (689414),66.69221247618508,38.16204654346338
420,Maverick Handley (668974),66.67333122112068,39.39134154688569
531,Sam Haggerty (664059),66.6670319318809,43.18052703627652
270,Jake McCarthy (664983),66.6527965904713,40.00188227241615
556,TJ Friedl (670770),66.60096285634076,41.96218343600274
198,Esteury Ruiz (665923),66.58943687033468,38.45499657768652
581,Turner Hill (806367),66.58600131471542,38.323579739904176
340,José Caballero (676609),66.5451934602354,40.91632443531827
527,Sal Frelick (686217),66.48623730028805,37.280458590006845
351,Justin Dean (681909),66.47997212142383,40.64801505817933
580,Tsung-Che Cheng (691907),66.47362744513957,36.01283367556468
174,Drew Millas (686452),66.43788472477425,39.539185489390825
176,Dustin Harris (687957),66.43250158788243,38.063483915126625
631,Zack Short (670097),66.34474838451696,42.17299794661191
115,Chase Meidroth (805367),66.3105134450003,36.02104722792608
628,Zach McKinstry (656716),66.30565828694638,42.25513347022587
341,José Fermín (665877),66.23480778660564,38.34000684462697
25,Andrew McCutchen (457705),66.21060409268728,50.80544147843943
505,Richie Palacios (680700),66.2080499195129,40.20722108145106
36,Anthony Seigler (678011),66.16321176514786,38.112765229295
599,Vidal Bruján (660644),66.14456155089313,39.47073921971253
533,Samad Taylor (669392),66.13417759391302,39.054585900068446
463,Nick Sogard (686765),66.09258871944151,39.889630390143736
327,Jose Altuve (514888),66.07578770919214,47.23528405201916
335,Josh Rojas (668942),66.06011177310133,43.08470225872691
419,Mauricio Dubón (643289),66.02903125055866,43.03268309377139
38,Aramis Garcia (605244),66.01583128746732,44.54671457905545
222,Geraldo Perdomo (672695),66.0157222056276,37.77327173169062
471,Nolan Schanuel (694384),65.97736519507697,35.45704996577687
124,Chuckie Robinson (642020),65.93955084925689,42.62748117727583
506,Rikuu Nishida (807747),65.8938963468855,36.23459958932238
401,Luke Maile (571912),65.82609785013209,46.4796372347707
409,Marcus Semien (543760),65.82212781446941,46.86841204654346
311,Jonah Bride (681146),65.75517172183079,41.592573579739906
241,Hyeseong Kim (808975),65.72423373217838,38.50701574264203
560,Taylor Walls (670764),65.62714732360735,41.05595482546201
247,Isiah Kiner-Falefa (643396),65.62472243663025,42.35643394934976
618,Xavier Edwards (669364),65.62098885598034,37.9758726899384
17,Alex Call (669743),65.552537636283,42.84103353867215
244,Ildemaro Vargas (545121),65.52527986184117,46.041581108829575
78,Brian Serven (661531),65.38845042006359,42.23870636550308
75,Brett Sullivan (664954),65.31057233386808,43.43514715947981
289,Jeff McNeil (643446),65.28725223603873,45.310574948665305
442,Miles Mastrobuoni (670156),65.28716554104768,41.748631074606436
496,Rafael Marchán (665561),65.27946627035513,38.427618069815196
196,Ernie Clement (676391),65.24505545921092,41.35711841204654
45,Austin Wynns (642851),65.21862189035997,46.638432580424364
536,Santiago Espinal (669289),65.19485862830943,42.71235455167693
503,Reese McGuire (624512),65.11351632695425,42.41392881587954
366,Kyle Farmer (571657),65.02496144335615,46.95328542094455
269,Jake Mangum (663968),65.00454903447489,41.3954483230664
170,Donovan Walton (622268),64.98096279378821,43.18326488706365
120,Christian Vázquez (543877),64.97719961477614,46.942334017796036
455,Nick Allen (669397),64.95599835025376,38.81091718001369
452,Nathan Lukes (664770),64.91830006623745,43.05184804928132
382,Leo Rivas (660844),64.90475820567907,39.804757015742645
85,Bryan Torres (663494),64.80925835731594,40.07854209445585
88,Bryce Johnson (669369),64.6715742167735,41.75958247775497
461,Nick Madrigal (663611),64.54154936604778,40.404346338124576
483,P.J. Higgins (664731),64.45251808729775,44.223648186173854
390,Luis Arraez (650333),64.2198317707562,40.308521560574945
447,Myles Straw (664702),64.1120858808539,42.786276522929505
438,Miguel Rojas (500743),64.01945053201398,48.42898699520876
552,Steven Kwan (680757),63.93488676697505,39.90058179329227
4,Adam Frazier (624428),63.931918192229894,45.62816563997262
466,Nicky Lopez (670032),63.842545743548925,42.383812457221076
112,Chandler Simpson (802415),63.77337167548645,36.6972963723477
432,Michael Stefanic (683021),63.75789122095691,41.43104038329911
261,Jacob Wilson (805779),63.49945419695305,35.33658453114305
535,Sandy León (506702),63.03045307303126,48.38244353182751
147,César Salazar (663967),62.86152906413117,41.37628336755646
216,Garrett Stubbs (596117),62.18278587868938,44.17984257357974
586,Tyler Heineman (623168),61.976258839313324,46.115503080082135
